Time (min),% dissolved,SEM
0,0,0
10,37.69633684,3.458336069
20,52.22115499,3.261721143
30,60.26802884,3.436557373
45,66.76430279,3.032565623
60,71.2128286,3.191247651
90,80.19696098,5.317499748
120,86.73409515,3.673937028
180,94.17646356,2.847601826
240,97.56384722,1.491353329
300,100,0.560763822
