Time (min),% dissolved,SEM
0,0,0
10,15.4,5.18880267983753
20,25.56,6.27951987561186
30,33.53,7.8311004153075
60,49.98,8.62791116347429
90,61.13,8.67395060964669
150,75.2,9.64094501642747
210,82.71,9.70771606555394
300,89.72,9.71096922774214
