Time (min),% dissolved,SEM
0,0,0
10,0.368690868,0.062937866
20,2.090191003,0.0829615
30,2.853957007,0.040212566
45,2.986111626,0.038588396
60,2.754950726,0.115586149
90,2.843940854,0.145278991
120,2.771681226,0.066246801
180,2.866463515,0.127197029
240,2.796388827,0.056497039
300,2.857422853,0.06420911
