Particle size (microns),% mass
0.2,0.242881145577306
0.3,1.85446063907345
0.4,3.45795765512404
0.5,4.62229565474562
0.6,5.2575129782419
0.7,5.76398381201483
0.8,6.09053799903396
0.9,6.26589270141855
1,6.42665311888215
2,7.52661137539088
3,8.43211331123234
4,8.55618674383797
5,8.05774150028002
6,7.20047151611912
7,6.30948538137911
8,5.27520544663961
9,4.31496792952474
10,3.5271059098882
15,0.565433160291885
20,0.172523635571548
25,0.0806720472017956
