Particle size (cm),% mass
0.00001,0.242881146
0.000015,1.854460639
0.00002,3.457957655
0.000025,4.622295655
0.00003,5.257512978
0.000035,5.763983812
0.00004,6.090537999
0.000045,6.265892701
0.00005,6.426653119
0.0001,7.526611375
0.00015,8.432113311
0.0002,8.556186744
0.00025,8.0577415
0.0003,7.200471516
0.00035,6.309485381
0.0004,5.275205447
0.00045,4.31496793
0.0005,3.52710591
0.00075,0.56543316
0.001,0.172523636
0.00125,0.080672047
